,PROOF OF CONCEPT ONLY,,,,,,,,,,,,,,,,,,,,,,,,,,,,,,,,,,,,,,,,,,,,,,,,,,,,,
Proficiencies,Skill,Indicators,Indicator Code,SLO it has come from,,,,,,,,,,,,,,,,,,,,,,,,,,,,,,,,,,,,,,,,,,,,,,,,,,
COMMAND & LEADERSHIP,,,,,,,,,,,,,,,,,,,,,,,,,,,,,,,,,,,,,,,,,,,,,,,,,,,,,,
P129036 Army Initial Foundation Training (AIFT) Module A 218611,LEAD-A-FOU - Work within a small team,1. Applies the leadership principles,LEAD-A-FOU-1,SLO1.1.1 (A),,,,,,,,,,,,,,,,,,,,,,,,,,,,,,,,,,,,,,,,,,,,,,,,,,
,,2. Utilises followership to support the team,LEAD-A-FOU-2,,,,,,,,,,,,,,,,,,,,,,,,,,,,,,,,,,,,,,,,,,,,,,,,,,,
,,3. Contributes to a positive and inclusive environment,LEAD-A-FOU-3,,,,,,,,,,,,,,,,,,,,,,,,,,,,,,,,,,,,,,,,,,,,,,,,,,,
,,4. Contributes to the effective operation of their team,LEAD-A-FOU-4,,,,,,,,,,,,,,,,,,,,,,,,,,,,,,,,,,,,,,,,,,,,,,,,,,,
,,5. Receives feedback and responds appropriately,LEAD-A-FOU-5,,,,,,,,,,,,,,,,,,,,,,,,,,,,,,,,,,,,,,,,,,,,,,,,,,,
,,6. Develops self to contribute to team goals,LEAD-A-FOU-6,,,,,,,,,,,,,,,,,,,,,,,,,,,,,,,,,,,,,,,,,,,,,,,,,,,
,,7. Role models the Defence values,LEAD-A-FOU-7,,,,,,,,,,,,,,,,,,,,,,,,,,,,,,,,,,,,,,,,,,,,,,,,,,,
,,,,,,,,,,,,,,,,,,,,,,,,,,,,,,,,,,,,,,,,,,,,,,,,,,,,,,
P020108 SUBJ 1 CPL Army,LEAD-B-FOU - Motivate and Influence a small team,1. Foster a positive group environment,LEAD-B-FOU-1,SLO2.4.1 - ASTL,,,,,,,,,,,,,,,,,,,,,,,,,,,,,,,,,,,,,,,,,,,,,,,,,,
,,2. Influence team members to achieve tasks,LEAD-B-FOU-2,,,,,,,,,,,,,,,,,,,,,,,,,,,,,,,,,,,,,,,,,,,,,,,,,,,
,,3. Apply the Army teaming model to form a group,LEAD-B-FOU-3,,,,,,,,,,,,,,,,,,,,,,,,,,,,,,,,,,,,,,,,,,,,,,,,,,,
,,,,,,,,,,,,,,,,,,,,,,,,,,,,,,,,,,,,,,,,,,,,,,,,,,,,,,
P020108 SUBJ 1 CPL Army,LEAD-C-FOU - Devlop individuals within your team,1. Apply coaching principles to develop team mates,LEAD-C-FOU-1,SLO2.4.1 - ASTL,,,,,,,,,,,,,,,,,,,,,,,,,,,,,,,,,,,,,,,,,,,,,,,,,,
,,2. Apply mentoring techniques to develop others,LEAD-C-FOU-2,,,,,,,,,,,,,,,,,,,,,,,,,,,,,,,,,,,,,,,,,,,,,,,,,,,
,,3. Facilitate group conversations,LEAD-C-FOU-3,,,,,,,,,,,,,,,,,,,,,,,,,,,,,,,,,,,,,,,,,,,,,,,,,,,
,,4. Provide constructive feedback to team mates,LEAD-C-FOU-4,,,,,,,,,,,,,,,,,,,,,,,,,,,,,,,,,,,,,,,,,,,,,,,,,,,
,,5. Resolve conflicts as required within the team,LEAD-C-FOU-5,,,,,,,,,,,,,,,,,,,,,,,,,,,,,,,,,,,,,,,,,,,,,,,,,,,
ETHICS,,,,,,,,,,,,,,,,,,,,,,,,,,,,,,,,,,,,,,,,,,,,,,,,,,,,,,
"P100274 LOAC Level 1 F2F STA Delivered
P129036 Army Initial Foundation Training (AIFT) Module A 218611",ETHI-A-FOU - Conducts operations ethically,1. Chooses Service before self,ETHI-A-FOU-1,SLO1.1.3 (A),,,,,,,,,,,,,,,,,,,,,,,,,,,,,,,,,,,,,,,,,,,,,,,,,,
,,2. Takes individual responsibility for own actions,ETHI-A-FOU-2,,,,,,,,,,,,,,,,,,,,,,,,,,,,,,,,,,,,,,,,,,,,,,,,,,,
,,3. Adapts own behaviours to align to Service needs,ETHI-A-FOU-3,,,,,,,,,,,,,,,,,,,,,,,,,,,,,,,,,,,,,,,,,,,,,,,,,,,
,,4. Explains the consequence of unethical behaviour,ETHI-A-FOU-4,,,,,,,,,,,,,,,,,,,,,,,,,,,,,,,,,,,,,,,,,,,,,,,,,,,
,,5. Explains the reporting responsibilities for unethical actions,ETHI-A-FOU-5,,,,,,,,,,,,,,,,,,,,,,,,,,,,,,,,,,,,,,,,,,,,,,,,,,,
,,6. Applies the ethical decision making framework,ETHI-A-FOU-6,,,,,,,,,,,,,,,,,,,,,,,,,,,,,,,,,,,,,,,,,,,,,,,,,,,
,,7. Applies the Laws of Armed Conflict,ETHI-A-FOU-7,,,,,,,,,,,,,,,,,,,,,,,,,,,,,,,,,,,,,,,,,,,,,,,,,,,
,,,,,,,,,,,,,,,,,,,,,,,,,,,,,,,,,,,,,,,,,,,,,,,,,,,,,,
P129036 Army Initial Foundation Training (AIFT) Module A 218611,ETHI-B-FOU - Behaves ethically in barracks environment,1. Chooses Service before self,ETHI-A-FOU-1,,,,,,,,,,,,,,,,,,,,,,,,,,,,,,,,,,,,,,,,,,,,,,,,,,,
,,2. Takes individual responsibility for own actions,ETHI-A-FOU-2,,,,,,,,,,,,,,,,,,,,,,,,,,,,,,,,,,,,,,,,,,,,,,,,,,,
,,3. Adapts own behaviours to align to Service needs,ETHI-A-FOU-3,,,,,,,,,,,,,,,,,,,,,,,,,,,,,,,,,,,,,,,,,,,,,,,,,,,
,,4. Explains the consequence of unethical behaviour,ETHI-A-FOU-4,,,,,,,,,,,,,,,,,,,,,,,,,,,,,,,,,,,,,,,,,,,,,,,,,,,
,,5. Explains the reporting responsibilities for unethical actions,ETHI-A-FOU-5,,,,,,,,,,,,,,,,,,,,,,,,,,,,,,,,,,,,,,,,,,,,,,,,,,,
,,6. Applies the ethical decision making framework as required,ETHI-A-FOU-6,,,,,,,,,,,,,,,,,,,,,,,,,,,,,,,,,,,,,,,,,,,,,,,,,,,
CHARACTER,,,,,,,,,,,,,,,,,,,,,,,,,,,,,,,,,,,,,,,,,,,,,,,,,,,,,,
P129036 Army Initial Foundation Training (AIFT) Module A 218611,CHAR-A-FOU - Reflect and adapt own behaviour,1. Adopts the Defence values,CHAR-A-FOU-1,"SLO1.1.2 (A)
SLO1.2.2 (A)",,,,,,,,,,,,,,,,,,,,,,,,,,,,,,,,,,,,,,,,,,,,,,,,,,
,,2. Role models the Defence values,LEAD-A-FOU-7,,,,,,,,,,,,,,,,,,,,,,,,,,,,,,,,,,,,,,,,,,,,,,,,,,,
,,3. Knows own character strengths and weaknesses,CHAR-A-FOU-2,,,,,,,,,,,,,,,,,,,,,,,,,,,,,,,,,,,,,,,,,,,,,,,,,,,
,,4. Conducts self-reflection to adapt their own behaviour,CHAR-A-FOU-3,,,,,,,,,,,,,,,,,,,,,,,,,,,,,,,,,,,,,,,,,,,,,,,,,,,
,,5. Contributes to team reflective practices,CHAR-A-FOU-4,,,,,,,,,,,,,,,,,,,,,,,,,,,,,,,,,,,,,,,,,,,,,,,,,,,
,,,,,,,,,,,,,,,,,,,,,,,,,,,,,,,,,,,,,,,,,,,,,,,,,,,,,,
P129036 Army Initial Foundation Training (AIFT) Module A 218611,CHAR-B-FOU - Develop respectful working relationships,1. Interprets others' strengths and weaknesses without judgment,CHAR-B-FOU-1,,,,,,,,,,,,,,,,,,,,,,,,,,,,,,,,,,,,,,,,,,,,,,,,,,,
,,2. Perceives others emotions,CHAR-B-FOU-2,,,,,,,,,,,,,,,,,,,,,,,,,,,,,,,,,,,,,,,,,,,,,,,,,,,
,,3. Responds to others emotions appropriately,CHAR-B-FOU-3,,,,,,,,,,,,,,,,,,,,,,,,,,,,,,,,,,,,,,,,,,,,,,,,,,,
,,4. Listens to other's opinions without judgment,CHAR-B-FOU-4,,,,,,,,,,,,,,,,,,,,,,,,,,,,,,,,,,,,,,,,,,,,,,,,,,,
,,5. Responds appropriately to diverse ideas,CHAR-B-FOU-5,,,,,,,,,,,,,,,,,,,,,,,,,,,,,,,,,,,,,,,,,,,,,,,,,,,
,,6. Adopts appropriate workplace behaviour,CHAR-B-FOU-6,,,,,,,,,,,,,,,,,,,,,,,,,,,,,,,,,,,,,,,,,,,,,,,,,,,
,,7. Accepts diversity in the workplace,CHAR-B-FOU-7,,,,,,,,,,,,,,,,,,,,,,,,,,,,,,,,,,,,,,,,,,,,,,,,,,,
,,8. Comply with appropriate rank relationships,CULT-C-FOU-1,,,,,,,,,,,,,,,,,,,,,,,,,,,,,,,,,,,,,,,,,,,,,,,,,,,
CULTURE,,,,,,,,,,,,,,,,,,,,,,,,,,,,,,,,,,,,,,,,,,,,,,,,,,,,,,
"P129036 Army Initial Foundation Training (AIFT) Module A 218611
P129037 Army Initial Foundation Training (AIFT) Module B (218612)
P129038 Army Initial Foundation Training (AIFt) Module C (218613)",CULT-A-FOU - Display soldierly conduct,1. Role models the Defence values,LEAD-A-FOU-7,SLO1.2.3 (A),,,,,,,,,,,,,,,,,,,,,,,,,,,,,,,,,,,,,,,,,,,,,,,,,,
,,2. Comply with appropriate rank relationships,CULT-C-FOU-1,,,,,,,,,,,,,,,,,,,,,,,,,,,,,,,,,,,,,,,,,,,,,,,,,,,
,,3. Wears uniform to a high standard,CULT-A-FOU-2,,,,,,,,,,,,,,,,,,,,,,,,,,,,,,,,,,,,,,,,,,,,,,,,,,,
,,4. Explain the historof the Australian Army,CULT-A-FOU-3,,,,,,,,,,,,,,,,,,,,,,,,,,,,,,,,,,,,,,,,,,,,,,,,,,,
,,5. Engages in corps and unit functions appropriately with an understanding of customs and traditions,CULT-A-FOU-4,,,,,,,,,,,,,,,,,,,,,,,,,,,,,,,,,,,,,,,,,,,,,,,,,,,
,,,,,,,,,,,,,,,,,,,,,,,,,,,,,,,,,,,,,,,,,,,,,,,,,,,,,,
"P129036 Army Initial Foundation Training (AIFT) Module A 218611
P129037 Army Initial Foundation Training (AIFT) Module B (218612)
P129038 Army Initial Foundation Training (AIFt) Module C (218613)",CULT-B-FOU - Performs basic individual and collective drill,1. Forms ranks,CULT-B-FOU-1,SLO2.4.6 (A),,,,,,,,,,,,,,,,,,,,,,,,,,,,,,,,,,,,,,,,,,,,,,,,,,
,,"2. Stands at attention, stands at ease and stands easy",CULT-B-FOU-2,,,,,,,,,,,,,,,,,,,,,,,,,,,,,,,,,,,,,,,,,,,,,,,,,,,
,,"3. Marches, changes direction, marks-time, steps-short, halts at quick time",CULT-B-FOU-3,,,,,,,,,,,,,,,,,,,,,,,,,,,,,,,,,,,,,,,,,,,,,,,,,,,
,,4. Conducts eyes right and left while marching,CULT-B-FOU-4,,,,,,,,,,,,,,,,,,,,,,,,,,,,,,,,,,,,,,,,,,,,,,,,,,,
,,"5. Conducts prove, right-dress and numbering",CULT-B-FOU-5,,,,,,,,,,,,,,,,,,,,,,,,,,,,,,,,,,,,,,,,,,,,,,,,,,,
,,6. Performs turns and inclines at the halt,CULT-B-FOU-6,,,,,,,,,,,,,,,,,,,,,,,,,,,,,,,,,,,,,,,,,,,,,,,,,,,
,,7. Salutes in quick time,CULT-B-FOU-7,,,,,,,,,,,,,,,,,,,,,,,,,,,,,,,,,,,,,,,,,,,,,,,,,,,
,,,,,,,,,,,,,,,,,,,,,,,,,,,,,,,,,,,,,,,,,,,,,,,,,,,,,,
"P129036 Army Initial Foundation Training (AIFT) Module A 218611
P129037 Army Initial Foundation Training (AIFT) Module B (218612)",CULT-C-FOU - Adhere to Military Discipline,1. Comply with appropriate rank relationships,CULT-C-FOU-1,SLO1.2.5 (A),,,,,,,,,,,,,,,,,,,,,,,,,,,,,,,,,,,,,,,,,,,,,,,,,,
,,2. Comply with Standing and Routine Orders consistently,CULT-C-FOU-2,,,,,,,,,,,,,,,,,,,,,,,,,,,,,,,,,,,,,,,,,,,,,,,,,,,
,,3. Comply with Service Discipline Law requirements at al times,CULT-C-FOU-3,,,,,,,,,,,,,,,,,,,,,,,,,,,,,,,,,,,,,,,,,,,,,,,,,,,
TRAIN AND DEVELOP,,,,,,,,,,,,,,,,,,,,,,,,,,,,,,,,,,,,,,,,,,,,,,,,,,,,,,
P126263 - Foundation Instructor Training (FIT),TD-ID-A-FOU - Deliver training,1. Delivered in a clear and audible voice,TD-ID-A-FOU-1,"SLO3.1.3
SLO3.1.4
ASTL",,,,,,,,,,,,,,,,,,,,,,,,,,,,,,,,,,,,,,,,,,,,,,,,,,
,,2. Uses appropriate language and show respect to training audience,TD-ID-A-FOU-2,,,,,,,,,,,,,,,,,,,,,,,,,,,,,,,,,,,,,,,,,,,,,,,,,,,
,,3. Delivered with appropriate body language,TD-ID-A-FOU-3,,,,,,,,,,,,,,,,,,,,,,,,,,,,,,,,,,,,,,,,,,,,,,,,,,,
,,4. Applies appropriate questioning and feedback techniques,TD-ID-A-FOU-4,,,,,,,,,,,,,,,,,,,,,,,,,,,,,,,,,,,,,,,,,,,,,,,,,,,
,,5. Develop a training event plan IAW doctrine,TD-ID-A-FOU-5,,,,,,,,,,,,,,,,,,,,,,,,,,,,,,,,,,,,,,,,,,,,,,,,,,,
,,6. Incorporate appropriate safety precautions,TD-ID-A-FOU-6,,,,,,,,,,,,,,,,,,,,,,,,,,,,,,,,,,,,,,,,,,,,,,,,,,,
,,7. Use of appropriate training aids,TD-ID-A-FOU-7,,,,,,,,,,,,,,,,,,,,,,,,,,,,,,,,,,,,,,,,,,,,,,,,,,,
,,"8. Explain and apply current doctrine, policy and procedures in the lesson",TD-ID-A-FOU-8,,,,,,,,,,,,,,,,,,,,,,,,,,,,,,,,,,,,,,,,,,,,,,,,,,,
,,9. Adhere to lesson structure and conventions,TD-ID-A-FOU-9,,,,,,,,,,,,,,,,,,,,,,,,,,,,,,,,,,,,,,,,,,,,,,,,,,,
,,10. Adhere to allocated/planned timings,TD-ID-A-FOU-10,,,,,,,,,,,,,,,,,,,,,,,,,,,,,,,,,,,,,,,,,,,,,,,,,,,
,,11. Address all teaching points,TD-ID-A-FOU-11,,,,,,,,,,,,,,,,,,,,,,,,,,,,,,,,,,,,,,,,,,,,,,,,,,,
,,12. Identify and meet learners needs,TD-ID-A-FOU-12,,,,,,,,,,,,,,,,,,,,,,,,,,,,,,,,,,,,,,,,,,,,,,,,,,,
,,,,,,,,,,,,,,,,,,,,,,,,,,,,,,,,,,,,,,,,,,,,,,,,,,,,,,
P126263 - Foundation Instructor Training (FIT),TD-ID-B-FOU - Conduct Assessment,1. Brief the candidate on the assessment criteria,TD-ID-B-FOU-1,"SLO3.1.5
ASTL",,,,,,,,,,,,,,,,,,,,,,,,,,,,,,,,,,,,,,,,,,,,,,,,,,
,,2. Conduct the assessment IAW checklist,TD-ID-B-FOU-2,,,,,,,,,,,,,,,,,,,,,,,,,,,,,,,,,,,,,,,,,,,,,,,,,,,
,,3. Determine the competency of a candidate and record the results,TD-ID-B-FOU-3,,,,,,,,,,,,,,,,,,,,,,,,,,,,,,,,,,,,,,,,,,,,,,,,,,,
,,4. Provide constructive feedback in the form of an assessment debrief,TD-ID-B-FOU-4,,,,,,,,,,,,,,,,,,,,,,,,,,,,,,,,,,,,,,,,,,,,,,,,,,,
,,,,,,,,,,,,,,,,,,,,,,,,,,,,,,,,,,,,,,,,,,,,,,,,,,,,,,
"P129036 Army Initial Foundation Training (AIFT) Module A 218611
P129037 Army Initial Foundation Training (AIFT) Module B (218612)
P129038 Army Initial Foundation Training (AIFt) Module C (218613)",TD-PMF-A-FOU - Maintain Basic Physical Fitness,1. Successfully complete the PFA to entry requirements,TD-PMF-A-FOU-1,"SLO2.1.1(A)
SLO1.1.1 (C",,,,,,,,,,,,,,,,,,,,,,,,,,,,,,,,,,,,,,,,,,,,,,,,,,
,,2. Complete the BFA-D,TD-PMF-A-FOU-2,,,,,,,,,,,,,,,,,,,,,,,,,,,,,,,,,,,,,,,,,,,,,,,,,,,
,,3. Complete the PESA-D,TD-PMF-A-FOU-3,,,,,,,,,,,,,,,,,,,,,,,,,,,,,,,,,,,,,,,,,,,,,,,,,,,
,,,,,,,,,,,,,,,,,,,,,,,,,,,,,,,,,,,,,,,,,,,,,,,,,,,,,,
P101485 BATTLESMART Ab Initio Recruit Training,TD-PMF-B-FOU - Develop mental fitness,1. Explain the realities and situations that you are likely to be exposed to and how BattleSMART relates to ADF cultural values,TD-PMF-B-FOU-1,SLO2.1.2 (A),,,,,,,,,,,,,,,,,,,,,,,,,,,,,,,,,,,,,,,,,,,,,,,,,,
,,2. Interpret the BattleSMART model accurately ,TD-PMF-B-FOU-2,,,,,,,,,,,,,,,,,,,,,,,,,,,,,,,,,,,,,,,,,,,,,,,,,,,
,,"3. Identify initial behavioural, emotional, cognitive and physical reactions to stressors accurately",TD-PMF-B-FOU-3,,,,,,,,,,,,,,,,,,,,,,,,,,,,,,,,,,,,,,,,,,,,,,,,,,,
,,"4. Identify, through appropriate testing, when adjustment of the initial reaction is required",TD-PMF-B-FOU-4,,,,,,,,,,,,,,,,,,,,,,,,,,,,,,,,,,,,,,,,,,,,,,,,,,,
,,5. Use appropriate techniques and strategies to adjust reactions,TD-PMF-B-FOU-5,,,,,,,,,,,,,,,,,,,,,,,,,,,,,,,,,,,,,,,,,,,,,,,,,,,
,,6. Know when and how to provide peer support,TD-PMF-B-FOU-6,,,,,,,,,,,,,,,,,,,,,,,,,,,,,,,,,,,,,,,,,,,,,,,,,,,
,,7. Interpret BattleSMART techniques and strategies for optimal performance,TD-PMF-B-FOU-7,,,,,,,,,,,,,,,,,,,,,,,,,,,,,,,,,,,,,,,,,,,,,,,,,,,
MANAGE AND ADMINISTER,,,,,,,,,,,,,,,,,,,,,,,,,,,,,,,,,,,,,,,,,,,,,,,,,,,,,,
"P129036 Army Initial Foundation Training (AIFT) Module A 218611
P129037 Army Initial Foundation Training (AIFT) Module B (218612)",MA-ASO-A-FOU - Conduct basic personal administration,1. Maintain a high standard of health and hygiene in the barracks environment,MA-ASO-A-FOU-1,SLO2.2.1 (A),,,,,,,,,,,,,,,,,,,,,,,,,,,,,,,,,,,,,,,,,,,,,,,,,,
,,2. Maintain a barrack room and block to a high standard,MA-ASO-A-FOU-2,SLO2.2.2 (A),,,,,,,,,,,,,,,,,,,,,,,,,,,,,,,,,,,,,,,,,,,,,,,,,,
,,3. Keep barrack blocks and rooms clean,MA-ASO-A-FOU-3,,,,,,,,,,,,,,,,,,,,,,,,,,,,,,,,,,,,,,,,,,,,,,,,,,,
,,4. Safely handle and store cleaning chemicals,MA-ASO-A-FOU-4,,,,,,,,,,,,,,,,,,,,,,,,,,,,,,,,,,,,,,,,,,,,,,,,,,,
,,5. Access and utilise information on the DPN appropriately,MA-ASO-A-FOU-5,LO1.1 (B),,,,,,,,,,,,,,,,,,,,,,,,,,,,,,,,,,,,,,,,,,,,,,,,,,
,,,,,,,,,,,,,,,,,,,,,,,,,,,,,,,,,,,,,,,,,,,,,,,,,,,,,,
P101872 Land Materiel Operator Responsibilities,MA-RA-A-FOU - Use land materiel responsibily ,1. Identify equipment useability by identifying classification labels,MA-RA-A-FOU-1,SLO2.2.9 (A),,,,,,,,,,,,,,,,,,,,,,,,,,,,,,,,,,,,,,,,,,,,,,,,,,
,,2. Interpret classification and useability codes correctly,MA-RA-A-FOU-2,,,,,,,,,,,,,,,,,,,,,,,,,,,,,,,,,,,,,,,,,,,,,,,,,,,
,,3. Apply LMSF process as related to an equipment operator correctly,MA-RA-A-FOU-3,,,,,,,,,,,,,,,,,,,,,,,,,,,,,,,,,,,,,,,,,,,,,,,,,,,
,,4. Compile a Non-technical inspection correctly,MA-RA-A-FOU-4,,,,,,,,,,,,,,,,,,,,,,,,,,,,,,,,,,,,,,,,,,,,,,,,,,,
,,5. Comply with policy relating to reporting of faulty equipment,MA-RA-A-FOU-5,,,,,,,,,,,,,,,,,,,,,,,,,,,,,,,,,,,,,,,,,,,,,,,,,,,
,,"6. Report defective, unsatisfactory materiel as required",MA-RA-A-FOU-6,,,,,,,,,,,,,,,,,,,,,,,,,,,,,,,,,,,,,,,,,,,,,,,,,,,
,,7. Apply the Engineering Change Proposal process as required,MA-RA-A-FOU-7,,,,,,,,,,,,,,,,,,,,,,,,,,,,,,,,,,,,,,,,,,,,,,,,,,,
,,8. Describe the repair process and documentation requirements,MA-RA-A-FOU-8,,,,,,,,,,,,,,,,,,,,,,,,,,,,,,,,,,,,,,,,,,,,,,,,,,,
,,9. Explain key unit LMSF roles correctly,MA-RA-A-FOU-9,,,,,,,,,,,,,,,,,,,,,,,,,,,,,,,,,,,,,,,,,,,,,,,,,,,
,,,,,,,,,,,,,,,,,,,,,,,,,,,,,,,,,,,,,,,,,,,,,,,,,,,,,,
P021096 Force Preservation Mandatory Training Package,MA-GA-A-FOU - Comply with Defence security requirements,1. Apply security classifications correctly to documents,MA-GA-A-FOU-1,SLO2.2.3 (A),,,,,,,,,,,,,,,,,,,,,,,,,,,,,,,,,,,,,,,,,,,,,,,,,,
,,2. Maintain materiel and personal security,MA-GA-A-FOU-2,,,,,,,,,,,,,,,,,,,,,,,,,,,,,,,,,,,,,,,,,,,,,,,,,,,
,,3. Comply with the Official Secrets Act,MA-GA-A-FOU-3,,,,,,,,,,,,,,,,,,,,,,,,,,,,,,,,,,,,,,,,,,,,,,,,,,,
,,4. Report security breaches appropriately,MA-GA-A-FOU-4,,,,,,,,,,,,,,,,,,,,,,,,,,,,,,,,,,,,,,,,,,,,,,,,,,,
,,,,,,,,,,,,,,,,,,,,,,,,,,,,,,,,,,,,,,,,,,,,,,,,,,,,,,
P021096 Force Preservation Mandatory Training Package,"MA-GA-B-FOU - Comply with Defence work, health and safety requirements",1. Respond effeciently to emergency response plans,MA-GA-B-FOU-1,SLO2.2.5 (A),,,,,,,,,,,,,,,,,,,,,,,,,,,,,,,,,,,,,,,,,,,,,,,,,,
,,2. Respond efficiently to base alert systems,MA-GA-B-FOU-2,,,,,,,,,,,,,,,,,,,,,,,,,,,,,,,,,,,,,,,,,,,,,,,,,,,
,,3. Record safety breaches IAW WHS Act,MA-GA-B-FOU-3,,,,,,,,,,,,,,,,,,,,,,,,,,,,,,,,,,,,,,,,,,,,,,,,,,,
,,4. Report safety breaches IAW WHS Act,MA-GA-B-FOU-4,,,,,,,,,,,,,,,,,,,,,,,,,,,,,,,,,,,,,,,,,,,,,,,,,,,
,,,,,,,,,,,,,,,,,,,,,,,,,,,,,,,,,,,,,,,,,,,,,,,,,,,,,,
"P021096 Force Preservation Mandatory Training Package
P123758 Defence Youth Safety Level 6 Youth (Under 18)",MA-GA-C-FOU - Comply with Unit Orders and Policy,1. Adhere to Unit Standing Orders consistently,MA-GA-C-FOU-1,SLO2.2.6 (A),,,,,,,,,,,,,,,,,,,,,,,,,,,,,,,,,,,,,,,,,,,,,,,,,,
,,2. Adhere to Unit Routine Orders consistently,MA-GA-C-FOU-2,,,,,,,,,,,,,,,,,,,,,,,,,,,,,,,,,,,,,,,,,,,,,,,,,,,
,,3. Conduct Indigenous Cultural Awareness Training,MA-GA-C-FOU-3,,,,,,,,,,,,,,,,,,,,,,,,,,,,,,,,,,,,,,,,,,,,,,,,,,,
,,4. Comply with Defence Youth Protection policy,,,,,,,,,,,,,,,,,,,,,,,,,,,,,,,,,,,,,,,,,,,,,,,,,,,,
,,,,,,,,,,,,,,,,,,,,,,,,,,,,,,,,,,,,,,,,,,,,,,,,,,,,,,
P021096 Force Preservation Mandatory Training Package,MA-GA-D-FOU - Comply with Defence Social Media Requirements,1. Adhere to social media responsibilities consistently,MA-GA-D-FOU-1,SLO2.2.7 (A),,,,,,,,,,,,,,,,,,,,,,,,,,,,,,,,,,,,,,,,,,,,,,,,,,
,,2. Conform to the Defence Communications Manual for personal and professional social media communication,MA-GA-D-FOU-2,,,,,,,,,,,,,,,,,,,,,,,,,,,,,,,,,,,,,,,,,,,,,,,,,,,
,,3. Maintain personal and operational security when using social media,MA-GA-D-FOU-3,,,,,,,,,,,,,,,,,,,,,,,,,,,,,,,,,,,,,,,,,,,,,,,,,,,
,,,,,,,,,,,,,,,,,,,,,,,,,,,,,,,,,,,,,,,,,,,,,,,,,,,,,,
P021096 Force Preservation Mandatory Training Package,MA-GA-E-FOU - Comply with Army Drug and Alcohol Policy,1. Adhere to Armyâ€™s drug and alcohol policy,MA-GA_E-FOU-1,SLO2.2.8 (A),,,,,,,,,,,,,,,,,,,,,,,,,,,,,,,,,,,,,,,,,,,,,,,,,,
,,2. Comply with drug and alcohol testing requirements,MA-GA_E-FOU-2,,,,,,,,,,,,,,,,,,,,,,,,,,,,,,,,,,,,,,,,,,,,,,,,,,,
,,,,,,,,,,,,,,,,,,,,,,,,,,,,,,,,,,,,,,,,,,,,,,,,,,,,,,
P108783 Military Risk Management Application,MA-GA-F-FOU - Produce a risk assessment,1. Identify MRM principles,MA-GA-F-FOU-1,"SLO1.4.1
SLO1.4.2
SLO1.4.3
SLO1.4.4
ASTL",,,,,,,,,,,,,,,,,,,,,,,,,,,,,,,,,,,,,,,,,,,,,,,,,,
,,2. Explain levels of Risk Management,MA-GA-F-FOU-2,,,,,,,,,,,,,,,,,,,,,,,,,,,,,,,,,,,,,,,,,,,,,,,,,,,
,,3. Identify conditions for documenting a risk appreciation,MA-GA-F-FOU-3,,,,,,,,,,,,,,,,,,,,,,,,,,,,,,,,,,,,,,,,,,,,,,,,,,,
,,4. Interpret MRM Steps,MA-GA-F-FOU-4,,,,,,,,,,,,,,,,,,,,,,,,,,,,,,,,,,,,,,,,,,,,,,,,,,,
,,5. Interpret SFARP rule,MA-GA-F-FOU-5,,,,,,,,,,,,,,,,,,,,,,,,,,,,,,,,,,,,,,,,,,,,,,,,,,,
,,6. Identify Risk Management responsibilities,MA-GA-F-FOU-6,,,,,,,,,,,,,,,,,,,,,,,,,,,,,,,,,,,,,,,,,,,,,,,,,,,
,,7. Interpret Risk Management Authority,MA-GA-F-FOU-7,,,,,,,,,,,,,,,,,,,,,,,,,,,,,,,,,,,,,,,,,,,,,,,,,,,
,,8. Identify available Risk Assessment Tools,MA-GA-F-FOU-8,,,,,,,,,,,,,,,,,,,,,,,,,,,,,,,,,,,,,,,,,,,,,,,,,,,
PLANNING,,,,,,,,,,,,,,,,,,,,,,,,,,,,,,,,,,,,,,,,,,,,,,,,,,,,,,
P020108 SUBJ 1 CPL Army,"P-IP-A-FOU - Plan and deliver section level orders
THIS SKILL SHOULD MAP TO AN INTERMEDIATE PROFICIENCY WITH THE INCLUSION OF THE LEAD A SECTION LEVEL OPERATION",1. Analyse the commanders intent,P-IP-A-FOU-1,"SLO2.3.1
SLO2.3.2
SLO2.3.3
ASTL",,,,,,,,,,,,,,,,,,,,,,,,,,,,,,,,,,,,,,,,,,,,,,,,,,
,,2. Deliver orders,P-IP-A-FOU-2,,,,,,,,,,,,,,,,,,,,,,,,,,,,,,,,,,,,,,,,,,,,,,,,,,,
,,3. Conduct a post H Hour CMAP activity,P-IP-A-FOU-3,,,,,,,,,,,,,,,,,,,,,,,,,,,,,,,,,,,,,,,,,,,,,,,,,,,
COMMUNICATION,,,,,,,,,,,,,,,,,,,,,,,,,,,,,,,,,,,,,,,,,,,,,,,,,,,,,,
P020108 SUBJ 1 CPL Army,"C-AW-A-FOU - Produce basic written documents
THIS LIKELY MAPS TO AN INTERMEDIATE COMPETENCY AROUND MANAGING PERSONNEL",1. Produce effective written documents IAW with Defence writing conventions,C-AW-A-FOU-1,,,,,,,,,,,,,,,,,,,,,,,,,,,,,,,,,,,,,,,,,,,,,,,,,,,
,,2. Interpret Defence policy and provide advice relating to the administration of subordinates,C-AW-A-FOU-2,,,,,,,,,,,,,,,,,,,,,,,,,,,,,,,,,,,,,,,,,,,,,,,,,,,
FOUNDATION MILITARY SKILLS,,,,,,,,,,,,,,,,,,,,,,,,,,,,,,,,,,,,,,,,,,,,,,,,,,,,,,
P129036 Army Initial Foundation Training (AIFT) Module A 218611,FMS-UME-A-FOU - Maintain Military Dress and Equipment for the Barracks,1. Maintain responsibility for personal equipment,FMS-UME-A-FOU-1,SLO2.4.1 (A),,,,,,,,,,,,,,,,,,,,,,,,,,,,,,,,,,,,,,,,,,,,,,,,,,
,,2. Maintain responsibility for issued Army equipment,FMS-UME-A-FOU-2,,,,,,,,,,,,,,,,,,,,,,,,,,,,,,,,,,,,,,,,,,,,,,,,,,,
,,3. Assemble unforms correctly,FMS-UME-A-FOU-3,,,,,,,,,,,,,,,,,,,,,,,,,,,,,,,,,,,,,,,,,,,,,,,,,,,
,,4. Wear uniforms maintaining professional standards,FMS-UME-A-FOU-4,,,,,,,,,,,,,,,,,,,,,,,,,,,,,,,,,,,,,,,,,,,,,,,,,,,
,,,,,,,,,,,,,,,,,,,,,,,,,,,,,,,,,,,,,,,,,,,,,,,,,,,,,,
P129036 Army Initial Foundation Training (AIFT) Module A 218611,FMS-UME-B-FOU - Employ SCE and PPE Tier 0 for field operations,1. Correctly assemble SCE IAW policy,FMS-UME-B-FOU-1,SLO2.4.2 (A),,,,,,,,,,,,,,,,,,,,,,,,,,,,,,,,,,,,,,,,,,,,,,,,,,
,,2. Adjust equipment for comfort and fit as required,FMS-UME-B-FOU-2,,,,,,,,,,,,,,,,,,,,,,,,,,,,,,,,,,,,,,,,,,,,,,,,,,,
,,"3. Employ helmet, eyewear and hearing protection effectively",FMS-UME-B-FOU-3,,,,,,,,,,,,,,,,,,,,,,,,,,,,,,,,,,,,,,,,,,,,,,,,,,,
,,,,,,,,,,,,,,,,,,,,,,,,,,,,,,,,,,,,,,,,,,,,,,,,,,,,,,
"P1021111 EF88 Austeyr - Weapon Qualification
P021608 EF88 (Tier 3) Ancillaries Operatior Basic (215457)
P100318 Sight Unit Day, Dual Range 5.56MM F2 Elcan Specter Dr 1-4X Enhanced Day Sight (213911)",FMS-DFW-A-FOU - Operate and apply fire with the service rifle,1. Complete the EF88 Weapon Qualification Test successfully,FMS-DFW-A-FOU-1,"SLO2.4.7 (A)
SLO1.3.1 (B)",,,,,,,,,,,,,,,,,,,,,,,,,,,,,,,,,,,,,,,,,,,,,,,,,,
,,2. Complete the Weapon Qualification Shoot,,,,,,,,,,,,,,,,,,,,,,,,,,,,,,,,,,,,,,,,,,,,,,,,,,,,
,,3. Conduct the F2 Elcan Specter Test,,,,,,,,,,,,,,,,,,,,,,,,,,,,,,,,,,,,,,,,,,,,,,,,,,,,
,,4. Explain the layout and procedures of a military range,FMS-DFW-A-FOU-2,,,,,,,,,,,,,,,,,,,,,,,,,,,,,,,,,,,,,,,,,,,,,,,,,,,
,,5. Identify types and natures of service rifle ammunition,FMS-DFW-A-FOU-3,,,,,,,,,,,,,,,,,,,,,,,,,,,,,,,,,,,,,,,,,,,,,,,,,,,
,,6. Apply service rifle weapon saftey requirements to the weapon and ammunition,FMS-DFW-A-FOU-4,,,,,,,,,,,,,,,,,,,,,,,,,,,,,,,,,,,,,,,,,,,,,,,,,,,
,,7. Handle the service rifle safely,FMS-DFW-A-FOU-5,,,,,,,,,,,,,,,,,,,,,,,,,,,,,,,,,,,,,,,,,,,,,,,,,,,
,,8. Adopt the degrees of weapon readiness,FMS-DFW-A-FOU-6,,,,,,,,,,,,,,,,,,,,,,,,,,,,,,,,,,,,,,,,,,,,,,,,,,,
,,9. Strip and assemble the service rifle correctly,FMS-DFW-A-FOU-7,,,,,,,,,,,,,,,,,,,,,,,,,,,,,,,,,,,,,,,,,,,,,,,,,,,
,,10. Adopt the appropriate firing position to suit the conditions,FMS-DFW-A-FOU-8,,,,,,,,,,,,,,,,,,,,,,,,,,,,,,,,,,,,,,,,,,,,,,,,,,,
,,11. Carry out immediate action and stoppage drills as required.,FMS-DFW-A-FOU-9,,,,,,,,,,,,,,,,,,,,,,,,,,,,,,,,,,,,,,,,,,,,,,,,,,,
,,12. Comply with range safety brief and practice brief when firing on the range,FMS-DFW-A-FOU-10,,,,,,,,,,,,,,,,,,,,,,,,,,,,,,,,,,,,,,,,,,,,,,,,,,,
,,13. Apply effective fire using the in-service rifle,FMS-DFW-A-FOU-11,,,,,,,,,,,,,,,,,,,,,,,,,,,,,,,,,,,,,,,,,,,,,,,,,,,
,,14. Demonstrate the combat shooting behaviours consistently when operating the in-service rifle,FMS-DFW-A-FOU-12,,,,,,,,,,,,,,,,,,,,,,,,,,,,,,,,,,,,,,,,,,,,,,,,,,,
,,"15. Clean, maintain, function test and secure the service rifle and ammunition",FMS-DFW-A-FOU-13,,,,,,,,,,,,,,,,,,,,,,,,,,,,,,,,,,,,,,,,,,,,,,,,,,,
,,16. Comply with Rules of Engagement and Orders for opening fire consistently,FMS-DFW-A-FOU-14,,,,,,,,,,,,,,,,,,,,,,,,,,,,,,,,,,,,,,,,,,,,,,,,,,,
,,17. Comply with fire control orders,FMS-DFW-A-FOU-15,,,,,,,,,,,,,,,,,,,,,,,,,,,,,,,,,,,,,,,,,,,,,,,,,,,
,,18. Conduct a rifle practice grouping,FMS-DFW-A-FOU-16,,,,,,,,,,,,,,,,,,,,,,,,,,,,,,,,,,,,,,,,,,,,,,,,,,,
,,19. Conduct a rifle practice zeroing,FMS-DFW-A-FOU-17,,,,,,,,,,,,,,,,,,,,,,,,,,,,,,,,,,,,,,,,,,,,,,,,,,,
,,20. Conduct a close shooting rifle practice,FMS-DFW-A-FOU-18,,,,,,,,,,,,,,,,,,,,,,,,,,,,,,,,,,,,,,,,,,,,,,,,,,,
,,21. Conduct Rifle Practice 1-3,FMS-DFW-A-FOU-19,,,,,,,,,,,,,,,,,,,,,,,,,,,,,,,,,,,,,,,,,,,,,,,,,,,
,,22. Conduct Rifle Practice 3A Combatant Assessment,FMS-DFW-A-FOU-20,,,,,,,,,,,,,,,,,,,,,,,,,,,,,,,,,,,,,,,,,,,,,,,,,,,
,,23. Conduct an Administrative Top Up during the rifle practices,FMS-DFW-A-FOU-21,,,,,,,,,,,,,,,,,,,,,,,,,,,,,,,,,,,,,,,,,,,,,,,,,,,
,,24. Use cover appropriately during the rifle practices,FMS-DFW-A-FOU-22,,,,,,,,,,,,,,,,,,,,,,,,,,,,,,,,,,,,,,,,,,,,,,,,,,,
,,25. Demonstrate safe and appropriate trigger preparation throughout the rifle practices,FMS-DFW-A-FOU-23,,,,,,,,,,,,,,,,,,,,,,,,,,,,,,,,,,,,,,,,,,,,,,,,,,,
,,26. Maintain safety throughout rifle practices,FMS-DFW-A-FOU-24,,,,,,,,,,,,,,,,,,,,,,,,,,,,,,,,,,,,,,,,,,,,,,,,,,,
,,27. Conduct the post-engagement sequence during rifle practices,FMS-DFW-A-FOU-25,,,,,,,,,,,,,,,,,,,,,,,,,,,,,,,,,,,,,,,,,,,,,,,,,,,
,,28. Conduct a tactical reload during rifle practices,FMS-DFW-A-FOU-26,,,,,,,,,,,,,,,,,,,,,,,,,,,,,,,,,,,,,,,,,,,,,,,,,,,
,,29. Conduct an emergency reload during the rifle practices,FMS-DFW-A-FOU-27,,,,,,,,,,,,,,,,,,,,,,,,,,,,,,,,,,,,,,,,,,,,,,,,,,,
,,,,,,,,,,,,,,,,,,,,,,,,,,,,,,,,,,,,,,,,,,,,,,,,,,,,,,
"P129036 Army Initial Foundation Training (AIFT) Module A 218611
P129037 Army Initial Foundation Training (AIFT) Module B (218612)
P129038 Army Initial Foundation Training (AIFt) Module C (218613)",FMS-DFW-B-FOU - Comply with the combat shooting continuum principles,1. Maintain combat preparation and readiness,FMS-DFW-B-FOU-1,SLO2.4.8 (A),,,,,,,,,,,,,,,,,,,,,,,,,,,,,,,,,,,,,,,,,,,,,,,,,,
,,2. Conduct effective weapon and equipment setup,FMS-DFW-B-FOU-2,,,,,,,,,,,,,,,,,,,,,,,,,,,,,,,,,,,,,,,,,,,,,,,,,,,
,,3. Demonstrate safe weapon direction and handling,FMS-DFW-B-FOU-3,,,,,,,,,,,,,,,,,,,,,,,,,,,,,,,,,,,,,,,,,,,,,,,,,,,
,,4. Apply static threat engagement stances and grip at high and low ready,FMS-DFW-B-FOU-4,,,,,,,,,,,,,,,,,,,,,,,,,,,,,,,,,,,,,,,,,,,,,,,,,,,
,,5. Apply static threat engagement stances and grip at the Engagement Position and Weapon Stance,FMS-DFW-B-FOU-5,,,,,,,,,,,,,,,,,,,,,,,,,,,,,,,,,,,,,,,,,,,,,,,,,,,
,,,,,,,,,,,,,,,,,,,,,,,,,,,,,,,,,,,,,,,,,,,,,,,,,,,,,,
P000410 F89 Minimi Weapon Qualification,FMS-DFW-C-FOU - Operate the in-Service Light Support Weapon (LSW),1. Complete the F89 Weapons Training Test successfully,FMS-DFW-C-FOU-1,SLO1.3..3 (B),,,,,,,,,,,,,,,,,,,,,,,,,,,,,,,,,,,,,,,,,,,,,,,,,,
,,2. Complete the F89 Qualification Practice successfully,FMS-DFW-C-FOU-2,,,,,,,,,,,,,,,,,,,,,,,,,,,,,,,,,,,,,,,,,,,,,,,,,,,
,,3. Handle the LSW safely,FMS-DFW-C-FOU-3,,,,,,,,,,,,,,,,,,,,,,,,,,,,,,,,,,,,,,,,,,,,,,,,,,,
,,4. Adopt the degrees of weapon readiness,FMS-DFW-C-FOU-4,,,,,,,,,,,,,,,,,,,,,,,,,,,,,,,,,,,,,,,,,,,,,,,,,,,
,,5. Strip and assemble the LSW correctly,FMS-DFW-C-FOU-5,,,,,,,,,,,,,,,,,,,,,,,,,,,,,,,,,,,,,,,,,,,,,,,,,,,
,,6. Carry out immediate action and stoppage drills as required for the LSW,FMS-DFW-C-FOU-6,,,,,,,,,,,,,,,,,,,,,,,,,,,,,,,,,,,,,,,,,,,,,,,,,,,
,,7. Utilise the buddy system for safe weapon handling,FMS-DFW-C-FOU-7,,,,,,,,,,,,,,,,,,,,,,,,,,,,,,,,,,,,,,,,,,,,,,,,,,,
,,,,,,,,,,,,,,,,,,,,,,,,,,,,,,,,,,,,,,,,,,,,,,,,,,,,,,
P1021301 Foundation Communications Course (214094),FMS-ES-A-FOU - Operate the in-service radio,1. Describe communications security procedures,FMS-ES-A-FOU-1,SLO2.3.1 (A),,,,,,,,,,,,,,,,,,,,,,,,,,,,,,,,,,,,,,,,,,,,,,,,,,
,,2. Describe cryptographic security procedures,FMS-ES-A-FOU-2,,,,,,,,,,,,,,,,,,,,,,,,,,,,,,,,,,,,,,,,,,,,,,,,,,,
,,3. Describe the employment of the combat net radios and BMS,FMS-ES-A-FOU-3,,,,,,,,,,,,,,,,,,,,,,,,,,,,,,,,,,,,,,,,,,,,,,,,,,,
,,4. Describe WHS radiation hazard considerations for combat net radios,FMS-ES-A-FOU-4,,,,,,,,,,,,,,,,,,,,,,,,,,,,,,,,,,,,,,,,,,,,,,,,,,,
,,5. Establish communications utilising a pre-configured in-service communications device,FMS-ES-A-FOU-5,,,,,,,,,,,,,,,,,,,,,,,,,,,,,,,,,,,,,,,,,,,,,,,,,,,
,,6. Conduct the procedure for calling and answering accurately ,FMS-ES-A-FOU-6,,,,,,,,,,,,,,,,,,,,,,,,,,,,,,,,,,,,,,,,,,,,,,,,,,,
,,7. Demonstrate the different types of calls,FMS-ES-A-FOU-7,,,,,,,,,,,,,,,,,,,,,,,,,,,,,,,,,,,,,,,,,,,,,,,,,,,
,,8. Conduct the procedure for arranging a voice conversation,FMS-ES-A-FOU-8,,,,,,,,,,,,,,,,,,,,,,,,,,,,,,,,,,,,,,,,,,,,,,,,,,,
,,9. Conduct the procedure for using nicknames and designators,FMS-ES-A-FOU-9,,,,,,,,,,,,,,,,,,,,,,,,,,,,,,,,,,,,,,,,,,,,,,,,,,,
,,10. Conduct the procedure for transmission of messages,FMS-ES-A-FOU-10,,,,,,,,,,,,,,,,,,,,,,,,,,,,,,,,,,,,,,,,,,,,,,,,,,,
,,11. Conduct the procedure for corrections and repetitions,FMS-ES-A-FOU-11,,,,,,,,,,,,,,,,,,,,,,,,,,,,,,,,,,,,,,,,,,,,,,,,,,,
,,12. Record all transmissions in the signals log book,FMS-ES-A-FOU-12,,,,,,,,,,,,,,,,,,,,,,,,,,,,,,,,,,,,,,,,,,,,,,,,,,,
,,"13. Operate the in-service radio without a breach in WHS, COMSEC or damage to the equipment",FMS-ES-A-FOU-13,,,,,,,,,,,,,,,,,,,,,,,,,,,,,,,,,,,,,,,,,,,,,,,,,,,
,,14. Demonstrate foundation combat communications behaviours,FMS-ES-A-FOU-14,,,,,,,,,,,,,,,,,,,,,,,,,,,,,,,,,,,,,,,,,,,,,,,,,,,
,,,,,,,,,,,,,,,,,,,,,,,,,,,,,,,,,,,,,,,,,,,,,,,,,,,,,,
P1026906 Binocular Night Vision Device (BNVD) (215757),FMS-ES-B-FOU - Operate the Binocular Night Vision Device (BNVD),1. Explain the effective maintenance requirement for the BNVD,FMS-ES-B-FOU-1,SLO1.3.2 (B),,,,,,,,,,,,,,,,,,,,,,,,,,,,,,,,,,,,,,,,,,,,,,,,,,
,,2. Explain if any modifications can be applied to the BNVD or helmet mount,FMS-ES-B-FOU-2,,,,,,,,,,,,,,,,,,,,,,,,,,,,,,,,,,,,,,,,,,,,,,,,,,,
,,3. Setup the CWBP and BNVD power source,FMS-ES-B-FOU-3,,,,,,,,,,,,,,,,,,,,,,,,,,,,,,,,,,,,,,,,,,,,,,,,,,,
,,4. Fit and secure the helmet mount onto the helmet,FMS-ES-B-FOU-4,,,,,,,,,,,,,,,,,,,,,,,,,,,,,,,,,,,,,,,,,,,,,,,,,,,
,,5. Fit and secure the BNVD onto the helmet,FMS-ES-B-FOU-5,,,,,,,,,,,,,,,,,,,,,,,,,,,,,,,,,,,,,,,,,,,,,,,,,,,
,,6. Turn the BNVD on,FMS-ES-B-FOU-6,,,,,,,,,,,,,,,,,,,,,,,,,,,,,,,,,,,,,,,,,,,,,,,,,,,
,,7. Adjust anterpapillary adjustment as required,FMS-ES-B-FOU-7,,,,,,,,,,,,,,,,,,,,,,,,,,,,,,,,,,,,,,,,,,,,,,,,,,,
,,8. Adjust for correct eye relief,FMS-ES-B-FOU-8,,,,,,,,,,,,,,,,,,,,,,,,,,,,,,,,,,,,,,,,,,,,,,,,,,,
,,9. Adjust the brightness,FMS-ES-B-FOU-9,,,,,,,,,,,,,,,,,,,,,,,,,,,,,,,,,,,,,,,,,,,,,,,,,,,
,,10. Adjust the focus to suit individual requirements,FMS-ES-B-FOU-10,,,,,,,,,,,,,,,,,,,,,,,,,,,,,,,,,,,,,,,,,,,,,,,,,,,
,,11. Set the auto sleep function on temporary,FMS-ES-B-FOU-11,,,,,,,,,,,,,,,,,,,,,,,,,,,,,,,,,,,,,,,,,,,,,,,,,,,
,,12. Place the BNVD into the sowed position,FMS-ES-B-FOU-12,,,,,,,,,,,,,,,,,,,,,,,,,,,,,,,,,,,,,,,,,,,,,,,,,,,
,,13. Turn off the BNVD,FMS-ES-B-FOU-13,,,,,,,,,,,,,,,,,,,,,,,,,,,,,,,,,,,,,,,,,,,,,,,,,,,
,,14. Remove the BNVD from the helmet mount,FMS-ES-B-FOU-14,,,,,,,,,,,,,,,,,,,,,,,,,,,,,,,,,,,,,,,,,,,,,,,,,,,
,,15. Complete a live fire zero practice with an IR aiming device whilst viewing through the BNVD,FMS-ES-B-FOU-15,,,,,,,,,,,,,,,,,,,,,,,,,,,,,,,,,,,,,,,,,,,,,,,,,,,
,,,,,,,,,,,,,,,,,,,,,,,,,,,,,,,,,,,,,,,,,,,,,,,,,,,,,,
P106870 L3 Laid (Laser Aiming & Illumination Device) (215697),FMS-ES-C-FOU - Operate the L3 Laser Aiming and Illumination Device (LAID),1. Conduct safety precautions for the LAID,FMS-ES-C-FOU-1,SLO1.3.2. (B),,,,,,,,,,,,,,,,,,,,,,,,,,,,,,,,,,,,,,,,,,,,,,,,,,
,,2. Fit and remove the LAID to the weapon securely and without damage to the device or weapon,FMS-ES-C-FOU-2,,,,,,,,,,,,,,,,,,,,,,,,,,,,,,,,,,,,,,,,,,,,,,,,,,,
,,3. Explain high and low power,FMS-ES-C-FOU-3,,,,,,,,,,,,,,,,,,,,,,,,,,,,,,,,,,,,,,,,,,,,,,,,,,,
,,4. Explain the maintenance of the LAID,FMS-ES-C-FOU-4,,,,,,,,,,,,,,,,,,,,,,,,,,,,,,,,,,,,,,,,,,,,,,,,,,,
,,5. Explain a likely fault and actions required to rectify the fault,FMS-ES-C-FOU-5,,,,,,,,,,,,,,,,,,,,,,,,,,,,,,,,,,,,,,,,,,,,,,,,,,,
,,6. Explain and demonstrate dry zeroing,FMS-ES-C-FOU-6,,,,,,,,,,,,,,,,,,,,,,,,,,,,,,,,,,,,,,,,,,,,,,,,,,,
,,7. Explain the live fire zero procedure,FMS-ES-C-FOU-7,,,,,,,,,,,,,,,,,,,,,,,,,,,,,,,,,,,,,,,,,,,,,,,,,,,
,,8. Correctly operate the LAID,FMS-ES-C-FOU-8,,,,,,,,,,,,,,,,,,,,,,,,,,,,,,,,,,,,,,,,,,,,,,,,,,,
,,9. Explain Laser Safety,FMS-ES-C-FOU-9,,,,,,,,,,,,,,,,,,,,,,,,,,,,,,,,,,,,,,,,,,,,,,,,,,,
,,10. Explain Weapon Light Safety,FMS-ES-C-FOU-10,,,,,,,,,,,,,,,,,,,,,,,,,,,,,,,,,,,,,,,,,,,,,,,,,,,
,,11. Complete the live fire zero practice with LAID whilst viewing through the BNVD,FMS-ES-C-FOU-11,,,,,,,,,,,,,,,,,,,,,,,,,,,,,,,,,,,,,,,,,,,,,,,,,,,
,,,,,,,,,,,,,,,,,,,,,,,,,,,,,,,,,,,,,,,,,,,,,,,,,,,,,,
P106002 L3 LAIRD (Laser Aimining Illumination and Ranging Device) (215696),FMS-ES-F-FOU - Operate L3 Laser Aiming Illumination and Range Device (LAIRD),1. Conduct safety precautions for the LAIRD,FMS-ES-D-FOU-1,SLO1.3.2 (B),,,,,,,,,,,,,,,,,,,,,,,,,,,,,,,,,,,,,,,,,,,,,,,,,,
,,2. Fit and remove the LAIRD to the weapon securely and without damange to the device or weapon,FMS-ES-D-FOU-2,,,,,,,,,,,,,,,,,,,,,,,,,,,,,,,,,,,,,,,,,,,,,,,,,,,
,,3. Explain high and low power,FMS-ES-D-FOU-3,,,,,,,,,,,,,,,,,,,,,,,,,,,,,,,,,,,,,,,,,,,,,,,,,,,
,,4. Explain the effective maintenance of the LAIRD,FMS-ES-D-FOU-4,,,,,,,,,,,,,,,,,,,,,,,,,,,,,,,,,,,,,,,,,,,,,,,,,,,
,,5. Explain a likely fault and actions required to rectify the fault,FMS-ES-D-FOU-5,,,,,,,,,,,,,,,,,,,,,,,,,,,,,,,,,,,,,,,,,,,,,,,,,,,
,,6. Explain and demonstrate dry zeroing,FMS-ES-D-FOU-6,,,,,,,,,,,,,,,,,,,,,,,,,,,,,,,,,,,,,,,,,,,,,,,,,,,
,,7. Explain the live fire zero procedure,FMS-ES-D-FOU-7,,,,,,,,,,,,,,,,,,,,,,,,,,,,,,,,,,,,,,,,,,,,,,,,,,,
,,8. Correctly operate the LAIRD,FMS-ES-D-FOU-8,,,,,,,,,,,,,,,,,,,,,,,,,,,,,,,,,,,,,,,,,,,,,,,,,,,
,,9. Explain Laser Safety,FMS-ES-D-FOU-9,,,,,,,,,,,,,,,,,,,,,,,,,,,,,,,,,,,,,,,,,,,,,,,,,,,
,,10. Explain Weapon Light Safety,FMS-ES-D-FOU-10,,,,,,,,,,,,,,,,,,,,,,,,,,,,,,,,,,,,,,,,,,,,,,,,,,,
,,11. Complete the live fire zero practice with LAIRD whilst viewing through the BNVD,FMS-ES-D-FOU-11,,,,,,,,,,,,,,,,,,,,,,,,,,,,,,,,,,,,,,,,,,,,,,,,,,,
,,,,,,,,,,,,,,,,,,,,,,,,,,,,,,,,,,,,,,,,,,,,,,,,,,,,,,
P1010982 F1/F3 Grenade - Weapon Qualification,FMS-ES-E-FOU - Operate the in-service Grenade,1. Safety handle F3 practice grenades,FMS-ES-E-FOU-1,SLO1.3.5 (C,,,,,,,,,,,,,,,,,,,,,,,,,,,,,,,,,,,,,,,,,,,,,,,,,,
,,2. Safely handle F1 Fragmentation Grenades,FMS-ES-E-FOU-2,,,,,,,,,,,,,,,,,,,,,,,,,,,,,,,,,,,,,,,,,,,,,,,,,,,
,,"3. Demonstrate three positions when throwing F3 Practice Grenades (Kneeling, standing, prone)",FMS-ES-E-FOU-3,,,,,,,,,,,,,,,,,,,,,,,,,,,,,,,,,,,,,,,,,,,,,,,,,,,
,,4. Conduct grenade drills correctly when ordered,FMS-ES-E-FOU-4,,,,,,,,,,,,,,,,,,,,,,,,,,,,,,,,,,,,,,,,,,,,,,,,,,,
,,5. Adopt throwing positions as required,FMS-ES-E-FOU-5,,,,,,,,,,,,,,,,,,,,,,,,,,,,,,,,,,,,,,,,,,,,,,,,,,,
,,6. Apply the throwing principles,FMS-ES-E-FOU-6,,,,,,,,,,,,,,,,,,,,,,,,,,,,,,,,,,,,,,,,,,,,,,,,,,,
,,7. Safely throw at least two F3 Practice grenades,FMS-ES-E-FOU-7,,,,,,,,,,,,,,,,,,,,,,,,,,,,,,,,,,,,,,,,,,,,,,,,,,,
,,8. Safely throw two F1 Grenades,FMS-ES-E-FOU-8,,,,,,,,,,,,,,,,,,,,,,,,,,,,,,,,,,,,,,,,,,,,,,,,,,,
,,9. Refurbish F3 Practice Grenades,FMS-ES-E-FOU-9,,,,,,,,,,,,,,,,,,,,,,,,,,,,,,,,,,,,,,,,,,,,,,,,,,,
,,,,,,,,,,,,,,,,,,,,,,,,,,,,,,,,,,,,,,,,,,,,,,,,,,,,,,
P102281 Army First Aid Certification,FMS-FC-A-FOU - Apply the principles of Army First Aid,1. Complete the initial action plan including CPR,FMS-FC-A-FOU-1,SLO2.4.3 (A),,,,,,,,,,,,,,,,,,,,,,,,,,,,,,,,,,,,,,,,,,,,,,,,,,
,,2. Treat a fracture of either an upper or lower limb,FMS-FC-A-FOU-2,,,,,,,,,,,,,,,,,,,,,,,,,,,,,,,,,,,,,,,,,,,,,,,,,,,
,,3. Manage truama injuries effectively,FMS-FC-A-FOU-3,,,,,,,,,,,,,,,,,,,,,,,,,,,,,,,,,,,,,,,,,,,,,,,,,,,
,,4. Apply a PIT correctly,FMS-FC-A-FOU-4,,,,,,,,,,,,,,,,,,,,,,,,,,,,,,,,,,,,,,,,,,,,,,,,,,,
,,5. Treat environmental illnesses,FMS-FC-A-FOU-5,,,,,,,,,,,,,,,,,,,,,,,,,,,,,,,,,,,,,,,,,,,,,,,,,,,
,,6. Treat burns effectively ,FMS-FC-A-FOU-6,,,,,,,,,,,,,,,,,,,,,,,,,,,,,,,,,,,,,,,,,,,,,,,,,,,
,,7. Treat for shock,FMS-FC-A-FOU-7,,,,,,,,,,,,,,,,,,,,,,,,,,,,,,,,,,,,,,,,,,,,,,,,,,,
,,8. Apply all precautions required for moving a casualty with a suspected spinal injury,FMS-FC-A-FOU-8,,,,,,,,,,,,,,,,,,,,,,,,,,,,,,,,,,,,,,,,,,,,,,,,,,,
,,,,,,,,,,,,,,,,,,,,,,,,,,,,,,,,,,,,,,,,,,,,,,,,,,,,,,
"P109054 CBRN Basic Operator (205340)
P127560 In-Service Tier 1 Chemical Detector (Light Chemical Detector 3.3)
P127561 In-Service Tier 1 Radiological Detector (DMC 3000)",FMS-FC-B-FOU - Survive in a CBRN Threat Environment,"1. Describe the history of Chemical, Biological, Radiological and Nuclear (CBRN) warfare",FMS-FC-B-FOU-1,SLO1.2.1 (C,,,,,,,,,,,,,,,,,,,,,,,,,,,,,,,,,,,,,,,,,,,,,,,,,,
,,"2. Describe CBRN agents, their characteristics and effects on human, animal and plant life and the environment",FMS-FC-B-FOU-2,,,,,,,,,,,,,,,,,,,,,,,,,,,,,,,,,,,,,,,,,,,,,,,,,,,
,,3. Describe operations in CBRN threat environments and defensive countermeasures,FMS-FC-B-FOU-3,,,,,,,,,,,,,,,,,,,,,,,,,,,,,,,,,,,,,,,,,,,,,,,,,,,
,,4. Describe CBRND doctrine and unit SOPs,FMS-FC-B-FOU-4,,,,,,,,,,,,,,,,,,,,,,,,,,,,,,,,,,,,,,,,,,,,,,,,,,,
,,4. Use current in-Service Tier 1 CBRN detection equipment appropriately,FMS-FC-B-FOU-5,,,,,,,,,,,,,,,,,,,,,,,,,,,,,,,,,,,,,,,,,,,,,,,,,,,
,,5. Report CBRN threats accurately,FMS-FC-B-FOU-6,,,,,,,,,,,,,,,,,,,,,,,,,,,,,,,,,,,,,,,,,,,,,,,,,,,
,,6. Demonstrate knowledge of current in-Service CBRND Individual Protective Ensemble (IPE).,FMS-FC-B-FOU-7,,,,,,,,,,,,,,,,,,,,,,,,,,,,,,,,,,,,,,,,,,,,,,,,,,,
,,7. Carry out CBRND Immediate Action (IA) and Immediate Decontamination (ID) Drills.,FMS-FC-B-FOU-8,,,,,,,,,,,,,,,,,,,,,,,,,,,,,,,,,,,,,,,,,,,,,,,,,,,
,,8. Carry out IPE cleaning and maintenance.,FMS-FC-B-FOU-9,,,,,,,,,,,,,,,,,,,,,,,,,,,,,,,,,,,,,,,,,,,,,,,,,,,
,,,,,,,,,,,,,,,,,,,,,,,,,,,,,,,,,,,,,,,,,,,,,,,,,,,,,,
"P129036 Army Initial Foundation Training (AIFT) Module A 218611
P129037 Army Initial Foundation Training (AIFT) Module B (218612)
P129038 Army Initial Foundation Training (AIFt) Module C (218613)",FMS-FC-C-FOU - Apply principles of field craft in the field environment,1. Judge distances accurately,FMS-FC-C-FOU-1,"SLO1.3.5 (B)
SLO1.3.1 (C",,,,,,,,,,,,,,,,,,,,,,,,,,,,,,,,,,,,,,,,,,,,,,,,,,
,,2. Observe the battlefield by day and night,FMS-FC-C-FOU-2,,,,,,,,,,,,,,,,,,,,,,,,,,,,,,,,,,,,,,,,,,,,,,,,,,,
,,3. Identify and indicate targets,FMS-FC-C-FOU-3,,,,,,,,,,,,,,,,,,,,,,,,,,,,,,,,,,,,,,,,,,,,,,,,,,,
,,"4. Assemble, adjust, wear and maintain field equipment & PPE",FMS-FC-C-FOU-4,,,,,,,,,,,,,,,,,,,,,,,,,,,,,,,,,,,,,,,,,,,,,,,,,,,
,,5. Live in the field maintaining operational discipline,FMS-FC-C-FOU-5,,,,,,,,,,,,,,,,,,,,,,,,,,,,,,,,,,,,,,,,,,,,,,,,,,,
,,6. Maintain a high standard of individual health and hygiene in the field,FMS-FC-C-FOU-6,,,,,,,,,,,,,,,,,,,,,,,,,,,,,,,,,,,,,,,,,,,,,,,,,,,
,,7. Recognise why things are seen,FMS-FC-C-FOU-7,,,,,,,,,,,,,,,,,,,,,,,,,,,,,,,,,,,,,,,,,,,,,,,,,,,
,,8. Apply and maintain individual camouflage and countersurveillance measures for personal protection,FMS-FC-C-FOU-8,,,,,,,,,,,,,,,,,,,,,,,,,,,,,,,,,,,,,,,,,,,,,,,,,,,
,,9. Employ field signals effectively,FMS-FC-C-FOU-9,,,,,,,,,,,,,,,,,,,,,,,,,,,,,,,,,,,,,,,,,,,,,,,,,,,
,,10. Apply individual movement techniques,FMS-FC-C-FOU-10,,,,,,,,,,,,,,,,,,,,,,,,,,,,,,,,,,,,,,,,,,,,,,,,,,,
,,11. Explain the guidelines for good concealment,FMS-FC-C-FOU-11,,,,,,,,,,,,,,,,,,,,,,,,,,,,,,,,,,,,,,,,,,,,,,,,,,,
,,12. Demonstrate the principles of personal camouflage,FMS-FC-C-FOU-12,,,,,,,,,,,,,,,,,,,,,,,,,,,,,,,,,,,,,,,,,,,,,,,,,,,
,,13. Prepare and consume meals from CR1Ms,FMS-FC-C-FOU-13,,,,,,,,,,,,,,,,,,,,,,,,,,,,,,,,,,,,,,,,,,,,,,,,,,,
,,14. Dispose of rubbish accordingly ,FMS-FC-C-FOU-14,,,,,,,,,,,,,,,,,,,,,,,,,,,,,,,,,,,,,,,,,,,,,,,,,,,
,,15. Interpret and relay field signals,FMS-FC-C-FOU-15,,,,,,,,,,,,,,,,,,,,,,,,,,,,,,,,,,,,,,,,,,,,,,,,,,,
,,16. Prepare and sleep in a sleeping area,FMS-FC-C-FOU-16,,,,,,,,,,,,,,,,,,,,,,,,,,,,,,,,,,,,,,,,,,,,,,,,,,,
,,17. Apply the principles of observation by night effectively,FMS-FC-C-FOU-17,,,,,,,,,,,,,,,,,,,,,,,,,,,,,,,,,,,,,,,,,,,,,,,,,,,
,,18. Demonstrate effective movements for moving at night,FMS-FC-C-FOU-18,,,,,,,,,,,,,,,,,,,,,,,,,,,,,,,,,,,,,,,,,,,,,,,,,,,
,,"19. Conduct morning, afternoon, evening and defensive routines",FMS-FC-C-FOU-19,,,,,,,,,,,,,,,,,,,,,,,,,,,,,,,,,,,,,,,,,,,,,,,,,,,
,,,,,,,,,,,,,,,,,,,,,,,,,,,,,,,,,,,,,,,,,,,,,,,,,,,,,,
P102277 ACS (PTE) AS Navigation,FMS-FC-D-FOU - Conduct basic navigation,1. Plot and measure grid bearings within 20mils,FMS-FC-D-FOU-1,SLO1.3.3 (C,,,,,,,,,,,,,,,,,,,,,,,,,,,,,,,,,,,,,,,,,,,,,,,,,,
,,2. Calculate magnetic variation from the map,FMS-FC-D-FOU-2,,,,,,,,,,,,,,,,,,,,,,,,,,,,,,,,,,,,,,,,,,,,,,,,,,,
,,3. Plot a six figure Grid Reference with a protractor,FMS-FC-D-FOU-3,,,,,,,,,,,,,,,,,,,,,,,,,,,,,,,,,,,,,,,,,,,,,,,,,,,
,,4. Measure a distance on the map (within 100m accuracy),FMS-FC-D-FOU-4,,,,,,,,,,,,,,,,,,,,,,,,,,,,,,,,,,,,,,,,,,,,,,,,,,,
,,5. Convert grid bearings to magnetic bearings and magnetic bearings to grid bearings,FMS-FC-D-FOU-5,,,,,,,,,,,,,,,,,,,,,,,,,,,,,,,,,,,,,,,,,,,,,,,,,,,
,,6. Determine distance by foot over varying terrain in patrol order,FMS-FC-D-FOU-6,,,,,,,,,,,,,,,,,,,,,,,,,,,,,,,,,,,,,,,,,,,,,,,,,,,
,,7. Relate identifiable features on a map to corresponding ones on the ground,FMS-FC-D-FOU-7,,,,,,,,,,,,,,,,,,,,,,,,,,,,,,,,,,,,,,,,,,,,,,,,,,,
,,8. Orientate a map using a compass,FMS-FC-D-FOU-8,,,,,,,,,,,,,,,,,,,,,,,,,,,,,,,,,,,,,,,,,,,,,,,,,,,
,,9. Shoot a magnetic bearing to visible objects,FMS-FC-D-FOU-9,,,,,,,,,,,,,,,,,,,,,,,,,,,,,,,,,,,,,,,,,,,,,,,,,,,
,,10. Maintain a bearing while on the move.,FMS-FC-D-FOU-10,,,,,,,,,,,,,,,,,,,,,,,,,,,,,,,,,,,,,,,,,,,,,,,,,,,
,,11. Conduct three legs of navigation by day,FMS-FC-D-FOU-11,,,,,,,,,,,,,,,,,,,,,,,,,,,,,,,,,,,,,,,,,,,,,,,,,,,
,,12. Conduct one leg of navigation by night,FMS-FC-D-FOU-12,,,,,,,,,,,,,,,,,,,,,,,,,,,,,,,,,,,,,,,,,,,,,,,,,,,
,,13. Demonstrate a change in bearing by conducting two legs of navigation consecutively,FMS-FC-D-FOU-13,,,,,,,,,,,,,,,,,,,,,,,,,,,,,,,,,,,,,,,,,,,,,,,,,,,
,,14. Navigate a minimum of 100m per leg,FMS-FC-D-FOU-14,,,,,,,,,,,,,,,,,,,,,,,,,,,,,,,,,,,,,,,,,,,,,,,,,,,
,,15. Plot and measure distance on a map within 100m accuracy,FMS-FC-D-FOU-15,,,,,,,,,,,,,,,,,,,,,,,,,,,,,,,,,,,,,,,,,,,,,,,,,,,
,,,,,,,,,,,,,,,,,,,,,,,,,,,,,,,,,,,,,,,,,,,,,,,,,,,,,,
P109594 Australian Tactical Combat Casualty Care - All Combatants,FMS-BC-A-FOU - Provide care under fire or threat,1. Suppress the enemy threat (conduct basic drill),FMS-BC-A-FOU-1,SLO2.4.4 (A),,,,,,,,,,,,,,,,,,,,,,,,,,,,,,,,,,,,,,,,,,,,,,,,,,
,,2. Direct or move a casualty to safety within the tactical setting,FMS-BC-A-FOU-2,,,,,,,,,,,,,,,,,,,,,,,,,,,,,,,,,,,,,,,,,,,,,,,,,,,
,,3. Identify the principles and clinical interventions associated with the management of combat casualties during care under fire,FMS-BC-A-FOU-3,,,,,,,,,,,,,,,,,,,,,,,,,,,,,,,,,,,,,,,,,,,,,,,,,,,
,,4. Determine the requirement and apply the in-service tourniquet,FMS-BC-A-FOU-4,,,,,,,,,,,,,,,,,,,,,,,,,,,,,,,,,,,,,,,,,,,,,,,,,,,
,,,,,,,,,,,,,,,,,,,,,,,,,,,,,,,,,,,,,,,,,,,,,,,,,,,,,,
P109594 Australian Tactical Combat Casualty Care - All Combatants,FMS-BC-B-FOU - Provide Tactical Field Care,1. Incorporate security setting into treatment,FMS-BC-B-FOU-1,SLO2.4.4 (A),,,,,,,,,,,,,,,,,,,,,,,,,,,,,,,,,,,,,,,,,,,,,,,,,,
,,2. Identify the principles and clinical interventions associated with the management of combat casualties during Tactical Field Care,FMS-BC-B-FOU-2,,,,,,,,,,,,,,,,,,,,,,,,,,,,,,,,,,,,,,,,,,,,,,,,,,,
,,3. Identify and address Catastrophic Haemorrhage,FMS-BC-B-FOU-3,,,,,,,,,,,,,,,,,,,,,,,,,,,,,,,,,,,,,,,,,,,,,,,,,,,
,,4. Identify compromised Airway and need for interventions,FMS-BC-B-FOU-4,,,,,,,,,,,,,,,,,,,,,,,,,,,,,,,,,,,,,,,,,,,,,,,,,,,
,,"5. Identify Breathing status, and need for interventions",FMS-BC-B-FOU-5,,,,,,,,,,,,,,,,,,,,,,,,,,,,,,,,,,,,,,,,,,,,,,,,,,,
,,6. Assess Circulation and address other haemorrhage,FMS-BC-B-FOU-6,,,,,,,,,,,,,,,,,,,,,,,,,,,,,,,,,,,,,,,,,,,,,,,,,,,
,,7. Assess Disability,FMS-BC-B-FOU-7,,,,,,,,,,,,,,,,,,,,,,,,,,,,,,,,,,,,,,,,,,,,,,,,,,,
,,8. Prepare casualty for Environment and Evacuation,FMS-BC-B-FOU-8,,,,,,,,,,,,,,,,,,,,,,,,,,,,,,,,,,,,,,,,,,,,,,,,,,,
,,,,,,,,,,,,,,,,,,,,,,,,,,,,,,,,,,,,,,,,,,,,,,,,,,,,,,
P109594 Australian Tactical Combat Casualty Care - All Combatants,FMS-BC-C-FOU - Provide Tactical Evacuation Care,1. Maintain security perimeter in accordance with unit tactical operating procedures,FMS-BC-C-FOU-1,SLO2.4.4 (A),,,,,,,,,,,,,,,,,,,,,,,,,,,,,,,,,,,,,,,,,,,,,,,,,,
,,2. Discuss triage principles appropriate to the management of combat casualties during Tactical Evacuation,FMS-BC-C-FOU-2,,,,,,,,,,,,,,,,,,,,,,,,,,,,,,,,,,,,,,,,,,,,,,,,,,,
,,"3. Describe the fundamental principles involved in packaging, transporting and handling of a casualty",FMS-BC-C-FOU-3,,,,,,,,,,,,,,,,,,,,,,,,,,,,,,,,,,,,,,,,,,,,,,,,,,,
,,4. Assessment and treatment as per tactical field care,FMS-BC-C-FOU-4,,,,,,,,,,,,,,,,,,,,,,,,,,,,,,,,,,,,,,,,,,,,,,,,,,,
,,5. Discuss various evacuation platforms available in an Area of Operations,FMS-BC-C-FOU-5,,,,,,,,,,,,,,,,,,,,,,,,,,,,,,,,,,,,,,,,,,,,,,,,,,,
,,6. Structure of a 9 liner CASEVAC request,FMS-BC-C-FOU-6,,,,,,,,,,,,,,,,,,,,,,,,,,,,,,,,,,,,,,,,,,,,,,,,,,,
,,7. Complete a PM377-1 Tactical Combat Casualty Care card,FMS-BC-C-FOU-7,,,,,,,,,,,,,,,,,,,,,,,,,,,,,,,,,,,,,,,,,,,,,,,,,,,
,,8. Send a MIST and use ATMIST as a handover to a clinician including the assessment of a casualty's pulse and respirations,FMS-BC-C-FOU-8,,,,,,,,,,,,,,,,,,,,,,,,,,,,,,,,,,,,,,,,,,,,,,,,,,,
,,9. Explain medical care rendered when placed aboard evacuation platforms,FMS-BC-C-FOU-9,,,,,,,,,,,,,,,,,,,,,,,,,,,,,,,,,,,,,,,,,,,,,,,,,,,
,,10. Discuss considerations for an evacuation route,FMS-BC-C-FOU-10,,,,,,,,,,,,,,,,,,,,,,,,,,,,,,,,,,,,,,,,,,,,,,,,,,,
,,,,,,,,,,,,,,,,,,,,,,,,,,,,,,,,,,,,,,,,,,,,,,,,,,,,,,
P109685 Army Combative Program Level One All Corps (216118),FMS-BC-D-FOU - Apply the principles of the Army Combatives Program Level 1,1. Describe the Army Combative Program and its evolution within the Australian Army context.,FMS-BC-D-FOU-1,SLO2.4.5 (A),,,,,,,,,,,,,,,,,,,,,,,,,,,,,,,,,,,,,,,,,,,,,,,,,,
,,2. Understand the use of force continuum in the Army Combative Program.,FMS-BC-D-FOU-2,,,,,,,,,,,,,,,,,,,,,,,,,,,,,,,,,,,,,,,,,,,,,,,,,,,
,,3. Correctly employ the principles of the Army Combative Program.,FMS-BC-D-FOU-3,,,,,,,,,,,,,,,,,,,,,,,,,,,,,,,,,,,,,,,,,,,,,,,,,,,
,,"4. Demonstrate an understanding of the kinetic stance, kinetic phase and kinetic IA",FMS-BC-D-FOU-4,,,,,,,,,,,,,,,,,,,,,,,,,,,,,,,,,,,,,,,,,,,,,,,,,,,
,,5. Correctly employ counter to strike techniques.,FMS-BC-D-FOU-5,,,,,,,,,,,,,,,,,,,,,,,,,,,,,,,,,,,,,,,,,,,,,,,,,,,
,,6. Employ ground survival techniques whilst engaging a simulated enemy combatant.,FMS-BC-D-FOU-6,,,,,,,,,,,,,,,,,,,,,,,,,,,,,,,,,,,,,,,,,,,,,,,,,,,
,,7. Correctly execute primary weapon retention.,FMS-BC-D-FOU-7,,,,,,,,,,,,,,,,,,,,,,,,,,,,,,,,,,,,,,,,,,,,,,,,,,,
,,8. Correctly employ first responder - emergency assist actions.,FMS-BC-D-FOU-8,,,,,,,,,,,,,,,,,,,,,,,,,,,,,,,,,,,,,,,,,,,,,,,,,,,
,,,,,,,,,,,,,,,,,,,,,,,,,,,,,,,,,,,,,,,,,,,,,,,,,,,,,,
"P129036 Army Initial Foundation Training (AIFT) Module A 218611
P129037 Army Initial Foundation Training (AIFT) Module B (218612)
P129038 Army Initial Foundation Training (AIFt) Module C (218613)",FMS-BC-E-FOU - Apply the principles of Battle Craft in the field environment,1. Adopt a firing position that provides comcealment and cover,FMS-BC-E-FOU-1,"SLO1.3.6 (B)
SLO1.3.2 (C",,,,,,,,,,,,,,,,,,,,,,,,,,,,,,,,,,,,,,,,,,,,,,,,,,
,,2. Adopt a firing positions that allow for observation of the enemy,FMS-BC-E-FOU-2,,,,,,,,,,,,,,,,,,,,,,,,,,,,,,,,,,,,,,,,,,,,,,,,,,,
,,3. Adopt firing positions that allow the soldier to employ their weapon,FMS-BC-E-FOU-3,,,,,,,,,,,,,,,,,,,,,,,,,,,,,,,,,,,,,,,,,,,,,,,,,,,
,,4. Adopt firing positions that can be occupied and left by a covered route,FMS-BC-E-FOU-4,,,,,,,,,,,,,,,,,,,,,,,,,,,,,,,,,,,,,,,,,,,,,,,,,,,
,,5. Respond effectively to fire control orders,FMS-BC-E-FOU-5,,,,,,,,,,,,,,,,,,,,,,,,,,,,,,,,,,,,,,,,,,,,,,,,,,,
,,6. Relay fire control orders,FMS-BC-E-FOU-6,,,,,,,,,,,,,,,,,,,,,,,,,,,,,,,,,,,,,,,,,,,,,,,,,,,
,,7. Comply with individual fire control orders,FMS-BC-E-FOU-7,,,,,,,,,,,,,,,,,,,,,,,,,,,,,,,,,,,,,,,,,,,,,,,,,,,
,,8. Comply with the rules for fire control orders (CLAP),FMS-BC-E-FOU-8,,,,,,,,,,,,,,,,,,,,,,,,,,,,,,,,,,,,,,,,,,,,,,,,,,,
,,9. Give fire control orders in the set sequence (GRIT),FMS-BC-E-FOU-9,,,,,,,,,,,,,,,,,,,,,,,,,,,,,,,,,,,,,,,,,,,,,,,,,,,
,,10. Use range cards appropriately,FMS-BC-E-FOU-10,,,,,,,,,,,,,,,,,,,,,,,,,,,,,,,,,,,,,,,,,,,,,,,,,,,
,,11. Undertake tasks promulgated by various types of orders,FMS-BC-E-FOU-11,,,,,,,,,,,,,,,,,,,,,,,,,,,,,,,,,,,,,,,,,,,,,,,,,,,
,,12. Relay and comply with fire-control orders,FMS-BC-E-FOU-12,,,,,,,,,,,,,,,,,,,,,,,,,,,,,,,,,,,,,,,,,,,,,,,,,,,
,,13. Compile and use range cards,FMS-BC-E-FOU-13,,,,,,,,,,,,,,,,,,,,,,,,,,,,,,,,,,,,,,,,,,,,,,,,,,,
,,14. Employ the Service Rifle and LSW on defined arcs,FMS-BC-E-FOU-14,,,,,,,,,,,,,,,,,,,,,,,,,,,,,,,,,,,,,,,,,,,,,,,,,,,
,,15. When directed maintain various section formations,FMS-BC-E-FOU-15,,,,,,,,,,,,,,,,,,,,,,,,,,,,,,,,,,,,,,,,,,,,,,,,,,,
,,16. Act as a sentry,FMS-BC-E-FOU-16,,,,,,,,,,,,,,,,,,,,,,,,,,,,,,,,,,,,,,,,,,,,,,,,,,,
,,"17. Act as a section member during fighting, standing and reconnaissance patrols",FMS-BC-E-FOU-17,,,,,,,,,,,,,,,,,,,,,,,,,,,,,,,,,,,,,,,,,,,,,,,,,,,
,,18. Conduct the basic contact drill,FMS-BC-E-FOU-18,,,,,,,,,,,,,,,,,,,,,,,,,,,,,,,,,,,,,,,,,,,,,,,,,,,
,,"19. Apply LOAC & ROE, comply with OFOF",FMS-BC-E-FOU-19,,,,,,,,,,,,,,,,,,,,,,,,,,,,,,,,,,,,,,,,,,,,,,,,,,,
,,20. Handle detainees and non-combatants (or refugees) / Capture and handle PWs,FMS-BC-E-FOU-20,,,,,,,,,,,,,,,,,,,,,,,,,,,,,,,,,,,,,,,,,,,,,,,,,,,
,,22. Occupy a section defensive position & maintain defensive routine,FMS-BC-E-FOU-21,,,,,,,,,,,,,,,,,,,,,,,,,,,,,,,,,,,,,,,,,,,,,,,,,,,
,,23. Cross Obstacles,FMS-BC-E-FOU-22,,,,,,,,,,,,,,,,,,,,,,,,,,,,,,,,,,,,,,,,,,,,,,,,,,,
,,24. Occupy stage 3 defensive pits,FMS-BC-E-FOU-23,,,,,,,,,,,,,,,,,,,,,,,,,,,,,,,,,,,,,,,,,,,,,,,,,,,
,,25. Construct a sandbag wall with at least one corner,FMS-BC-E-FOU-24,,,,,,,,,,,,,,,,,,,,,,,,,,,,,,,,,,,,,,,,,,,,,,,,,,,
,,26. Construct 30m of Cat - wire Type 1,FMS-BC-E-FOU-25,,,,,,,,,,,,,,,,,,,,,,,,,,,,,,,,,,,,,,,,,,,,,,,,,,,
,,27. Conduct protection at the halt in open and close country,FMS-BC-E-FOU-26,,,,,,,,,,,,,,,,,,,,,,,,,,,,,,,,,,,,,,,,,,,,,,,,,,,